baseAddr,detailAddr,zipCd,contentId,contentTypeId,regDt,orgImage,thumbImage,cpyrhtDivCd,mapX,mapY,mlevel,mdfcnDt,tel,title,showflag,lDongRegnCd,lDongSignguCd,wellnessThemaCd,langDivCd,oldContentId
강원특별자치도 삼척시 가곡면 탕곡리,509-3,25954,2994116,12,20230717155822,http://tong.visitkorea.or.kr/cms/resource/54/2994054_image2_1.jpg,http://tong.visitkorea.or.kr/cms/resource/54/2994054_image3_1.jpg,Type3,129.2062296318,37.1507494904,6,20241122151714,033-572-1800,가곡유황온천&스파,1,51,230,EX050100,KOR,2994116
경상남도 거창군 가조면 온천길 161,,50118,127956,12,20040127090000,http://tong.visitkorea.or.kr/cms/resource/83/3414283_image2_1.jpg,http://tong.visitkorea.or.kr/cms/resource/83/3414283_image3_1.jpg,Type3,128.0229317531,35.6985345364,6,20250317212111,,가조 백두산천지온천,1,48,880,EX050100,KOR,127956
울산광역시 북구 동해안로 1418,(구유동),44233,1624227,12,20120508015144,http://tong.visitkorea.or.kr/cms/resource/26/3077926_image2_1.bmp,http://tong.visitkorea.or.kr/cms/resource/26/3077926_image3_1.bmp,Type3,129.4505699154,35.6138565417,6,20240510170335,,강동 해수온천,1,31,200,EX050100,KOR,1624227
서울특별시 광진구 구의강변로 45 (구의동),,05049,128961,12,20060508090000,http://tong.visitkorea.or.kr/cms/resource/98/3401698_image2_1.JPG,http://tong.visitkorea.or.kr/cms/resource/98/3401698_image3_1.JPG,Type3,127.0913227521,37.5349377239,6,20250328153350,,강변스파랜드,1,11,215,EX050200,KOR,128961
인천광역시 강화군 길상면 해안남로 13-12,,23052,662637,12,20081206001811,http://tong.visitkorea.or.kr/cms/resource/77/3040477_image2_1.jpg,http://tong.visitkorea.or.kr/cms/resource/77/3040477_image3_1.jpg,Type3,126.5337766252,37.6260699674,6,20250521165954,,강화해수랜드,1,28,710,EX050100,KOR,662637
경상남도 거제시 수양로 507,(양정동),53235,127966,12,20031111090000,http://tong.visitkorea.or.kr/cms/resource/00/3516400_image2_1.jpg,http://tong.visitkorea.or.kr/cms/resource/00/3516400_image3_1.jpg,Type1,128.6352635905,34.8909030888,6,20250805105926,,거제도해수보양온천,1,48,310,EX050100,KOR,127966
충청남도 공주시 수원지공원길 131-21 (금학동),,32602,3038543,12,20231114102559,http://tong.visitkorea.or.kr/cms/resource/36/3038536_image2_1.jpg,http://tong.visitkorea.or.kr/cms/resource/36/3038536_image3_1.jpg,Type3,127.1259251817,36.4304352185,6,20250429113514,,공주 환경성 건강 센터,1,44,150,EX050600,KOR,3038543
경상북도 김천시 증산면 수도길 1237-89,,39695,2660941,12,20200624232550,http://tong.visitkorea.or.kr/cms/resource/90/3519690_image2_1.jpg,http://tong.visitkorea.or.kr/cms/resource/90/3519690_image3_1.jpg,Type3,128.0022377784,35.8514140611,6,20250811102716,054-435-3412~4,국립김천치유의숲,1,47,150,EX050700,KOR,2660941
강원특별자치도 강릉시 성산면 대관령옛길 127-42,(어흘리),25443,2554069,12,20180718004958,http://tong.visitkorea.or.kr/cms/resource/12/3490812_image2_1.jpg,http://tong.visitkorea.or.kr/cms/resource/12/3490812_image3_1.jpg,Type3,128.7990518679,37.7080690523,6,20250827162311,033-642-8382,국립대관령치유의숲,1,51,150,EX050600,KOR,2554069
울산광역시 울주군 온양읍 대운상대길 225-92,,44972,2555756,12,20180727224059,http://tong.visitkorea.or.kr/cms/resource/94/2662694_image2_1.bmp,http://tong.visitkorea.or.kr/cms/resource/94/2662694_image2_1.bmp,Type3,129.2361865678,35.3901665277,6,20250731105115,052-237-8600,국립대운산치유의숲,1,31,710,EX050600,KOR,2555756
경기도 양평군 양동면 황거길 262-10,,12537,2554095,12,20180718014333,http://tong.visitkorea.or.kr/cms/resource/82/3501782_image2_1.jpg,http://tong.visitkorea.or.kr/cms/resource/82/3501782_image3_1.jpg,Type1,127.7181068651,37.4611854870,6,20250702095014,031-8079-7944,국립양평치유의숲,1,41,830,EX050600,KOR,2554095
전라남도 장성군 서삼면 추암로 716,,57231,127394,12,20030703090000,,,,126.7314629993,35.3688466251,6,20250822100208,,국립장성치유의숲,1,46,880,EX050600,KOR,127394
충청북도 제천시 청풍면 학현소야로 590,,27215,2718685,12,20210527231353,http://tong.visitkorea.or.kr/cms/resource/12/3106112_image2_1.jpg,http://tong.visitkorea.or.kr/cms/resource/12/3106112_image3_1.jpg,Type3,128.2447946692,37.0128775418,6,20250402162417,043-653-0246,국립제천치유의숲,1,43,150,EX050600,KOR,2718685
충청북도 청주시 상당구 낭성면 호정전하울길 99-45,,28193,3034650,12,20231107021515,http://tong.visitkorea.or.kr/cms/resource/48/3034648_image2_1.jpg,http://tong.visitkorea.or.kr/cms/resource/48/3034648_image3_1.jpg,Type3,127.6057410622,36.6131728142,6,20250418132526,,국화참숯불가마찜질,1,43,111,EX050200,KOR,3034650
전라남도 영광군 백수읍 해안로 950,,57025,3010680,12,20230913174524,http://tong.visitkorea.or.kr/cms/resource/53/3010653_image2_1.jpg,http://tong.visitkorea.or.kr/cms/resource/53/3010653_image3_1.jpg,Type3,126.3891410344,35.3528760420,6,20250812171505,,글로리비치해수찜,1,46,870,EX050200,KOR,3010680
충청남도 공주시 고마나루길 51-12,(웅진동),32535,127850,12,20030515090000,http://tong.visitkorea.or.kr/cms/resource/34/3057334_image2_1.JPG,http://tong.visitkorea.or.kr/cms/resource/34/3057334_image2_1.JPG,Type3,127.1075231830,36.4627950745,6,20250508144640,,금강온천,1,44,150,EX050100,KOR,127850
전라남도 화순군 북면 옥리길 14-21,,58101,129185,12,20060726090000,http://tong.visitkorea.or.kr/cms/resource/31/3397831_image2_1.JPG,http://tong.visitkorea.or.kr/cms/resource/31/3397831_image3_1.JPG,Type3,127.0841702727,35.1637952347,6,20250315134126,,금호리조트 화순아쿠아나,1,46,790,EX050100,KOR,129185
강원특별자치도 강릉시 남부로125번길 18,(노암동),25595,2702655,12,20210101023844,,,,128.8935561515,37.7435306776,6,20250317103052,,기린사우나,1,51,150,EX050100,KOR,2702655
경상남도 김해시 장유로 555,,51011,1921423,12,20140527231527,,,,128.8291361340,35.1810435696,6,20250731084018,,김해 롯데워터파크,1,48,250,EX050100,KOR,1921423
충청북도 충주시 노은면 우성1길 201-61,,27452,2613450,12,20190729201252,http://tong.visitkorea.or.kr/cms/resource/73/3022173_image2_1.jpg,http://tong.visitkorea.or.kr/cms/resource/73/3022173_image3_1.jpg,Type3,127.7513247320,37.0256058405,6,20250401135906,043-723-2033,깊은산속 옹달샘,1,43,130,EX050400,KOR,2613450
경상북도 경주시 포석로 924,(탑동),38172,127989,12,20031124090000,http://tong.visitkorea.or.kr/cms/resource/56/179456_image2_1.jpg,http://tong.visitkorea.or.kr/cms/resource/56/179456_image3_1.jpg,Type3,129.2109099137,35.8232589729,6,20250731084652,,꽃마을 경주한방병원,1,47,130,EX050600,KOR,127989
경상북도 경주시 탑동,46-1번지 (오릉옆),"780-170,1",523984,12,20080321194627,http://tong.visitkorea.or.kr/cms/resource/56/179456_image2_1.jpg,http://tong.visitkorea.or.kr/cms/resource/56/179456_image3_1.jpg,Type3,129.2111043317,35.8235978273,6,20240423220245,,꽃마을 경주한방병원,1,47,130,EX050300,KOR,523984
전라남도 순천시 낙안면 조정래길 933,,57918,127973,12,20031113090000,,,,127.3379874119,34.9194743091,6,20240513102329,,낙안온천,1,46,150,EX050100,KOR,127973
충청북도 충주시 수안보면 온천천변길 39-4,,27497,2755943,12,20211013022201,,,,127.9880030171,36.8468362997,6,20250324171038,,낙천탕,1,43,130,EX050100,KOR,2755943
경기도 파주시 교하로 677-20,(동패동),10883,2757569,12,20211015183915,,,,126.7043392530,37.7089911042,6,20250826153059,,네이처스파,1,41,480,EX050200,KOR,2757569
충청북도 충주시 새바지길 37 능암온천랜드,,27302,127949,12,20031106090000,http://tong.visitkorea.or.kr/cms/resource/61/2603261_image2_1.jpg,http://tong.visitkorea.or.kr/cms/resource/61/2603261_image3_1.jpg,Type3,127.8023543105,37.0935239517,6,20250626093729,,능암온천랜드,1,43,130,EX050100,KOR,127949
전라남도 담양군 금성면 금성산성길 202,,57301,127847,12,20040109090000,http://tong.visitkorea.or.kr/cms/resource/37/3077537_image2_1.jpg,http://tong.visitkorea.or.kr/cms/resource/37/3077537_image3_1.jpg,Type3,127.0243537910,35.3651770098,6,20250819132303,,담양리조트 온천,1,46,710,EX050100,KOR,127847
대구광역시 중구 중앙대로77길 45,,41934,2822328,12,20220530164539,http://tong.visitkorea.or.kr/cms/resource/65/2822265_image2_1.jpg,http://tong.visitkorea.or.kr/cms/resource/65/2822265_image3_1.jpg,Type1,128.5909992253,35.8682589890,6,20250808155655,,대구약령시 한방의료체험타운,1,27,110,EX050300,KOR,2822328
인천광역시 중구 영종해안남로321번길 186,(운서동),22382,2715100,12,20210430202652,,,,126.4557445366,37.4373461143,6,20250327173405,,더 스파 앳 파라다이스,1,28,110,EX050500,KOR,2715100
인천광역시 연수구 컨벤시아대로 153 (송도동),,21998,3346627,12,20240812155443,http://tong.visitkorea.or.kr/cms/resource/17/3346617_image2_1.jpg,http://tong.visitkorea.or.kr/cms/resource/17/3346617_image3_1.jpg,Type3,126.6454396418,37.3902771345,6,20250318134514,,더 스파 하스타,1,28,185,EX050500,KOR,3346627
서울특별시 중구 장충단로13길 20 (을지로6가),지하 1층,04563,2794931,12,20211214053210,http://tong.visitkorea.or.kr/cms/resource/06/2796106_image2_1.jpg,http://tong.visitkorea.or.kr/cms/resource/06/2796106_image2_1.jpg,Type3,127.0076821872,37.5687878415,6,20241210163032,,더벨스파 동대문현대시티아울렛점,1,11,140,EX050500,KOR,2794931
경상북도 경주시 엑스포로 45 (신평동),,38116,128811,12,20060303090000,http://tong.visitkorea.or.kr/cms/resource/33/3037333_image2_1.jpg,http://tong.visitkorea.or.kr/cms/resource/33/3037333_image3_1.jpg,Type3,129.2909580639,35.8370478188,6,20250819151312,,더케이경주호텔 스파온천,1,47,130,EX050100,KOR,128811
경상북도 울진군 북면 덕구온천로 924,,36307,126114,12,20040218090000,http://tong.visitkorea.or.kr/cms/resource/33/3503533_image2_1.jpg,http://tong.visitkorea.or.kr/cms/resource/33/3503533_image3_1.jpg,Type3,129.2816722994,37.0794591327,6,20250709131111,,덕구온천 스파월드,1,47,930,EX050100,KOR,126114
충청남도 예산군 덕산면 온천단지3로 84,,32406,3031321,12,20231103165535,http://tong.visitkorea.or.kr/cms/resource/16/3031316_image2_1.jpg,http://tong.visitkorea.or.kr/cms/resource/16/3031316_image3_1.jpg,Type3,126.6523690438,36.6946521466,6,20250704100503,,덕산싸이판대온천,1,44,810,EX050100,KOR,3031321
충청남도 예산군 덕산면 온천단지2로 19,,32406,125859,12,20031205090000,http://tong.visitkorea.or.kr/cms/resource/76/3055376_image2_1.jpg,http://tong.visitkorea.or.kr/cms/resource/76/3055376_image3_1.jpg,Type3,126.6596379692,36.6895250851,6,20250609162107,,덕산온천지구,1,44,810,EX050100,KOR,125859
전라남도 화순군 도곡면 온천1길 45,(도곡면),58148,127932,12,20031022090000,http://tong.visitkorea.or.kr/cms/resource/79/3348379_image2_1.JPG,http://tong.visitkorea.or.kr/cms/resource/79/3348379_image3_1.JPG,Type3,126.9033118398,35.0291490268,6,20250319192655,,도곡 원네스 스파·리조트,1,46,790,EX050100,KOR,127932
전라남도 화순군 도곡면 천암리,,58148,3013448,12,20230918142037,http://tong.visitkorea.or.kr/cms/resource/44/3013444_image2_1.jpg,http://tong.visitkorea.or.kr/cms/resource/44/3013444_image3_1.jpg,Type3,126.9028896419,35.0296656282,6,20250807105024,,도곡온천단지,1,46,790,EX050100,KOR,3013448
경상북도 안동시 도산면 온천로 570,(도산면),36604,127983,12,20031121090000,http://tong.visitkorea.or.kr/cms/resource/91/3401891_image2_1.jpg,http://tong.visitkorea.or.kr/cms/resource/91/3401891_image3_1.jpg,Type3,128.8201648427,36.7505017932,6,20250624163903,,도산원탕,1,47,170,EX050100,KOR,127983
부산광역시 동래구 금강공원로26번길 21,(온천동),47709,128706,12,20051219090000,,,,129.0814741955,35.2200382869,6,20240514090654,,동래온천 노천족탕,1,26,260,EX050100,KOR,128706
경기도 연천군 연천읍 동막로25번길 181,,11011,2735286,12,20210819230756,http://tong.visitkorea.or.kr/cms/resource/37/2735337_image2_1.JPG,http://tong.visitkorea.or.kr/cms/resource/37/2735337_image2_1.JPG,Type3,127.0812438106,38.0896590238,6,20250109113917,,동막골유황천,1,41,800,EX050200,KOR,2735286
강원특별자치도 동해시 삼화로 455,(삼화동),25746,2364045,12,20160125183604,http://tong.visitkorea.or.kr/cms/resource/74/3353374_image2_1.jpg,http://tong.visitkorea.or.kr/cms/resource/74/3353374_image3_1.jpg,Type3,129.0312662354,37.4651127210,6,20250730114105,,동해무릉건강숲,1,51,170,EX050600,KOR,2364045
강원특별자치도 동해시 석두골길 145,,25701,2711056,12,20210325024804,http://tong.visitkorea.or.kr/cms/resource/97/3350597_image2_1.jpg,http://tong.visitkorea.or.kr/cms/resource/97/3350597_image3_1.jpg,Type3,129.0669812828,37.5942068674,6,20250730113941,033-534-6502,동해약천온천실버타운,1,51,170,EX050100,KOR,2711056
울산광역시 울주군 상북면 알프스온천로 197,,44952,127012,12,20040225090000,http://tong.visitkorea.or.kr/cms/resource/64/3084264_image2_1.jpg,http://tong.visitkorea.or.kr/cms/resource/64/3084264_image3_1.jpg,Type3,129.0720851999,35.5543366785,6,20250703151044,,등억온천단지,1,31,710,EX050100,KOR,127012
전라남도 여수시 소호로 295 디오션리조트,,59670,587699,12,20080717183731,http://tong.visitkorea.or.kr/cms/resource/46/2605246_image2_1.bmp,http://tong.visitkorea.or.kr/cms/resource/46/2605246_image2_1.bmp,Type3,127.6446680548,34.7311840404,6,20250404142904,,디오션리조트 워터파크,1,46,130,EX050100,KOR,587699
충청북도 영동군 영동읍 영동힐링로 95,레인보우힐링센터,29151,3346305,12,20240812112203,http://tong.visitkorea.or.kr/cms/resource/85/3346285_image2_1.jpg,http://tong.visitkorea.or.kr/cms/resource/85/3346285_image3_1.jpg,Type3,127.7855597894,36.1569781998,6,20250730104213,,레인보우힐링센터,1,43,740,EX050400,KOR,3346305
경기도 용인시 처인구 지삼로 470,(삼가동),17090,2732163,12,20210809200916,http://tong.visitkorea.or.kr/cms/resource/98/2774098_image2_1.jpg,http://tong.visitkorea.or.kr/cms/resource/98/2774098_image3_1.jpg,Type3,127.1569530865,37.2333155332,6,20250321154012,,로만바스,1,41,461,EX050200,KOR,2732163
서울특별시 중구 을지로 30 (소공동),본관 7층,04533,2794933,12,20211214053541,http://tong.visitkorea.or.kr/cms/resource/57/2796257_image2_1.jpg,http://tong.visitkorea.or.kr/cms/resource/57/2796257_image2_1.jpg,Type3,126.9810458210,37.5654016461,6,20250421161054,,롯데호텔 서울 설화수 스파,0,11,140,EX050500,KOR,2794933
경상남도 창원시 의창구 북면 천주로 1167,,51101,127608,12,20030627090000,,,,128.6094728380,35.3544117553,6,20250305105320,,마금산원탕,1,48,121,EX050100,KOR,127608
경상북도 경주시 양남면 동남로 982,(양남면),38221,127995,12,20031126090000,,,,129.3691861270,35.6843665104,6,20250311163114,,마우나오션리조트 블루 워터,1,47,130,EX050100,KOR,127995
경상북도 문경시 문경읍 온천2길 24,,36918,126647,12,20040213090000,http://tong.visitkorea.or.kr/cms/resource/50/3408350_image2_1.jpg,http://tong.visitkorea.or.kr/cms/resource/50/3408350_image3_1.jpg,Type3,128.1091343918,36.7300491533,6,20241210154928,,문경종합온천,1,47,280,EX050100,KOR,126647
경기도 양평군 지평면 월산저수지길 21,,12541,2755820,12,20211013005952,http://tong.visitkorea.or.kr/cms/resource/89/3503989_image2_1.jpg,http://tong.visitkorea.or.kr/cms/resource/89/3503989_image3_1.jpg,Type3,127.6507764810,37.4739299919,6,20250709152118,,미리내힐빙클럽,1,41,830,EX050200,KOR,2755820
대구광역시 달서구 조암남로28길 9,(대천동),42759,2770713,12,20211109201353,,,,128.5175432112,35.8176828065,6,20250307135239,,미성온천,1,27,290,EX050100,KOR,2770713
대전광역시 서구 원도안로207번길 41,1층,35352,2808100,12,20220223131827,,,,127.3425087172,36.3217625947,6,20250626144432,,바구스스파,1,30,170,EX050100,KOR,2808100
울산광역시 울주군 온양읍 상발2길 34,,44976,128210,12,20041014090000,http://tong.visitkorea.or.kr/cms/resource/77/3077977_image2_1.bmp,http://tong.visitkorea.or.kr/cms/resource/77/3077977_image3_1.bmp,Type3,129.2931117223,35.4059713746,6,20250703172819,,발리온천,1,31,710,EX050100,KOR,128210
울산광역시 울주군 범서읍 두동로 704,,44918,2788442,12,20211208024241,,,,129.2220173109,35.6258064399,6,20250326145741,,범서온천 지지워터피아,1,31,710,EX050100,KOR,2788442
전북특별자치도 부안군 변산면 대항리,,56343,3076330,12,20231115134947,,,,126.5487155348,35.6927400955,6,20241108163742,,변산 해수찜,1,52,800,EX050100,KOR,3076330
경기도 구리시 안골로 79,(수택동),11928,2782126,12,20211126231248,http://tong.visitkorea.or.kr/cms/resource/15/2782315_image2_1.jpg,http://tong.visitkorea.or.kr/cms/resource/15/2782315_image3_1.jpg,Type3,127.1400331992,37.5976063224,6,20250110170728,,보원장탄온천,1,41,310,EX050100,KOR,2782126
충청북도 제천시 의림대로46길 98,,27127,2900897,12,20221108100657,,,,128.2191559605,37.1809216161,6,20240507142017,,본초다담,1,43,150,EX050300,KOR,2900897
부산광역시 기장군 철마면 철마천로 101,,46049,2660770,12,20200623195838,http://tong.visitkorea.or.kr/cms/resource/30/2661730_image2_1.jpg,http://tong.visitkorea.or.kr/cms/resource/30/2661730_image3_1.jpg,Type3,129.1298103057,35.2690086937,6,20250325164353,,부산 치유의 숲,1,26,710,EX050600,KOR,2660770
경기도 수원시 장안구 서부로 2139 (율전동),"8, 9층",16360,2745737,12,20210916023844,http://tong.visitkorea.or.kr/cms/resource/92/2746092_image2_1.jpg,http://tong.visitkorea.or.kr/cms/resource/92/2746092_image2_1.jpg,Type3,126.9716902619,37.2995045560,6,20250328131430,,북수원온천,1,41,111,EX050100,KOR,2745737
경기도 고양시 덕양구 중고개길 88-10 (지축동),,10580,2733836,12,20210813190535,,,,126.9329281050,37.6592287602,6,20250626114822,,북한산온천비젠,1,41,281,EX050100,KOR,2733836
강원특별자치도 삼척시 미로면 준경길 651-230,,25905,2746584,12,20210917010344,http://tong.visitkorea.or.kr/cms/resource/35/3503735_image2_1.jpg,http://tong.visitkorea.or.kr/cms/resource/35/3503735_image3_1.jpg,Type3,129.0540194182,37.3852612483,6,20250711132238,,삼척 활기 치유의 숲,1,51,230,EX050600,KOR,2746584
제주특별자치도 서귀포시 산록남로 2271,,63576,2660763,12,20200623194739,http://tong.visitkorea.or.kr/cms/resource/11/3516611_image2_1.jpg,http://tong.visitkorea.or.kr/cms/resource/11/3516611_image3_1.jpg,Type1,126.5279135660,33.2919672797,6,20250905092225,,서귀포 치유의 숲,1,50,130,EX050600,KOR,2660763
충청남도 서천군 충서로302번길 88-81 치유센터,,33610,2720028,12,20210608205153,,,,126.6599753082,36.1149493668,6,20250304180049,,서천 치유의 숲,1,44,770,EX050600,KOR,2720028
제주특별자치도 서귀포시 성산읍 섭지코지로25번길 34,2층,63641,3012012,12,20230918145715,http://tong.visitkorea.or.kr/cms/resource/80/3011980_image2_1.jpg,http://tong.visitkorea.or.kr/cms/resource/80/3011980_image3_1.jpg,Type3,126.9195734269,33.4421097515,6,20241107095528,,석예원 본초 족욕 성산점,1,50,130,EX050600,KOR,3012012
전북특별자치도 고창군 고창읍 석정2로 173,,56451,2778917,12,20211124234916,http://tong.visitkorea.or.kr/cms/resource/25/2780625_image2_1.jpg,http://tong.visitkorea.or.kr/cms/resource/25/2780625_image2_1.jpg,Type3,126.7410244472,35.4320812865,6,20250918164626,,석정온천휴스파,1,52,790,EX050100,KOR,2778917
강원특별자치도 속초시 관광로408번길 14,,24859,129399,12,20061130090000,,,,128.5388880926,38.1956907579,6,20240822173856,,설악 파인리조트 가든스파,1,51,210,EX050100,KOR,129399
서울특별시 강남구 도산대로45길 18,,06021,2660725,12,20200623183835,,,,127.0355003778,37.5236074796,6,20250319163516,,설화수 플래그십 스토어,1,11,680,EX050100,KOR,2660725
경상북도 청송군 주왕산면 주왕산로 494-1,,37437,3407767,12,20241106135955,http://tong.visitkorea.or.kr/cms/resource/04/3407404_image2_1.png,http://tong.visitkorea.or.kr/cms/resource/04/3407404_image3_1.png,Type3,129.1101194706,36.3782553040,6,20250319190931,,소노벨 청송 솔샘온천,1,47,750,EX050100,KOR,3407767
경상북도 영주시 단산면 영단로 253,,36007,3346664,12,20240812164330,http://tong.visitkorea.or.kr/cms/resource/39/3346639_image2_1.jpg,http://tong.visitkorea.or.kr/cms/resource/39/3346639_image3_1.jpg,Type3,128.6084244302,36.9721029523,6,20250321112000,,소백산 생태탐방원,1,47,210,EX050700,KOR,3346664
강원특별자치도 속초시 미시령로3359번길 20,,24820,1799724,12,20130315193512,http://tong.visitkorea.or.kr/cms/resource/16/3048516_image2_1.jpg,http://tong.visitkorea.or.kr/cms/resource/16/3048516_image3_1.jpg,Type3,128.5746011552,38.2071873354,6,20250728104040,,속초스파랜드,1,51,210,EX050200,KOR,1799724
대구광역시 달서구 상화로 79 (진천동),,42775,2766491,12,20211102200606,http://tong.visitkorea.or.kr/cms/resource/93/2766693_image2_1.jpg,http://tong.visitkorea.or.kr/cms/resource/93/2766693_image3_1.jpg,Type3,128.5227152413,35.8081506469,6,20250307140258,,수목원생활온천,1,27,290,EX050100,KOR,2766491
충청북도 충주시 수안보면 주정산로 35,,27497,3343355,12,20240806103919,http://tong.visitkorea.or.kr/cms/resource/52/3343352_image2_1.jpg,http://tong.visitkorea.or.kr/cms/resource/52/3343352_image3_1.jpg,Type3,127.9893501391,36.8461197406,6,20250407165933,,수안보온천 족욕길,1,43,130,EX050600,KOR,3343355
전북특별자치도 순창군 인계면 인덕로 427-128,,56015,2713440,12,20210409020614,http://tong.visitkorea.or.kr/cms/resource/69/2705769_image2_1.jpg,http://tong.visitkorea.or.kr/cms/resource/69/2705769_image3_1.jpg,Type3,127.1316037073,35.4315879963,6,20250317213750,063-650-1527,순창 쉴랜드,1,52,770,EX050600,KOR,2713440
경상남도 양산시 탑골길 248 (용당동),항노화힐링서비스체험관,50524,2804475,12,20221231023951,http://tong.visitkorea.or.kr/cms/resource/88/3346588_image2_1.JPG,http://tong.visitkorea.or.kr/cms/resource/88/3346588_image3_1.JPG,Type3,129.2061939849,35.4171712687,6,20250319191934,,숲애서,1,48,330,EX050400,KOR,2804475
경상남도 창원시 마산합포구 구산면 유산군령로 250,,51779,3397899,12,20241024182302,http://tong.visitkorea.or.kr/cms/resource/89/3385789_image2_1.JPG,http://tong.visitkorea.or.kr/cms/resource/89/3385789_image3_1.JPG,Type3,128.5614358452,35.1308887688,6,20250315145927,,스파더스페이스,1,48,125,EX050100,KOR,3397899
경기도 남양주시 다산순환로 20 (다산동),다산현대프리미어캠퍼스 C동 B1층,12248,3386242,12,20241011173234,http://tong.visitkorea.or.kr/cms/resource/05/3385805_image2_1.JPG,http://tong.visitkorea.or.kr/cms/resource/05/3385805_image3_1.JPG,Type3,127.1528288024,37.6134991518,6,20250404110131,,스파디움24,1,41,360,EX050100,KOR,3386242
경기도 광주시 도척면 도척윗로 278,,12809,1178650,12,20110120202829,http://tong.visitkorea.or.kr/cms/resource/04/3077204_image2_1.jpg,http://tong.visitkorea.or.kr/cms/resource/04/3077204_image3_1.jpg,Type3,127.3031619183,37.3366645398,6,20250425104953,,스파라스파 (곤지암리조트),1,41,610,EX050100,KOR,1178650
부산광역시 해운대구 센텀남대로 35 (우동),,48058,702551,12,20090303220905,http://tong.visitkorea.or.kr/cms/resource/62/2661062_image2_1.JPG,http://tong.visitkorea.or.kr/cms/resource/62/2661062_image3_1.JPG,Type3,129.1295519730,35.1688560217,6,20250731142921,,스파랜드 센텀시티,1,26,350,EX050500,KOR,702551
서울특별시 서초구 강남대로107길 5 (잠원동),,06524,584698,12,20080709222510,http://tong.visitkorea.or.kr/cms/resource/72/2024972_image2_1.jpg,http://tong.visitkorea.or.kr/cms/resource/72/2024972_image3_1.jpg,Type3,127.0182965393,37.5182911216,6,20250402171616,,스파레이,1,11,650,EX050200,KOR,584698
충청남도 예산군 덕산면 온천단지3로 45-7,(덕산면),32406,128732,12,20060111090000,,,,126.6558381966,36.6938522986,6,20250325092611,,스플라스 리솜,1,44,810,EX050100,KOR,128732
서울특별시 송파구 올림픽로 300,86층,05551,2794934,12,20211214053726,http://tong.visitkorea.or.kr/cms/resource/53/2951753_image2_1.jpg,http://tong.visitkorea.or.kr/cms/resource/53/2951753_image3_1.jpg,Type3,127.1025779177,37.5126238510,6,20250404112030,,시그니엘 서울 리트릿 시그니엘 스파,1,11,710,EX050100,KOR,2794934
경기도 포천시 신북면 청신로 571,,11137,1601852,12,20120413185156,http://tong.visitkorea.or.kr/cms/resource/06/3489206_image2_1.jpg,http://tong.visitkorea.or.kr/cms/resource/06/3489206_image3_1.jpg,Type3,127.1018064294,37.9731674485,6,20250502154351,,신북온천리조트,1,41,650,EX050100,KOR,1601852
충청남도 아산시 온천대로 1469,(온천동),31513,2751941,12,20210930195033,http://tong.visitkorea.or.kr/cms/resource/28/2751928_image2_1.jpg,http://tong.visitkorea.or.kr/cms/resource/28/2751928_image3_1.jpg,Type3,127.0012268615,36.7823231517,6,20250121131825,,신천탕,1,44,200,EX050100,KOR,2751941
충청남도 아산시 음봉면 아산온천로157번길 67,,31442,127767,12,20031201090000,http://tong.visitkorea.or.kr/cms/resource/98/1601498_image2_1.jpg,http://tong.visitkorea.or.kr/cms/resource/98/1601498_image3_1.jpg,Type3,126.9806239354,36.8558420962,6,20250313095750,,아산 스파비스,1,44,200,EX050100,KOR,127767
충청남도 태안군 안면읍 꽃지해안로 204,,32166,127958,12,20031107090000,,,,126.3384222871,36.4881233008,6,20250731130640,,아일랜드 리솜 오아식스 선셋스파,1,44,825,EX050100,KOR,127958
경상북도 안동시 수상동,574-2,"760-410,1",523982,12,20080321194620,,,,128.7010035836,36.5468561335,6,20240423220513,054-840-1004,안동병원,1,47,170,EX050600,KOR,523982
경상북도 안동시 서후면 학가산온천길 14,,36616,2738052,12,20210831225959,http://tong.visitkorea.or.kr/cms/resource/12/2738412_image2_1.jpg,http://tong.visitkorea.or.kr/cms/resource/12/2738412_image2_1.jpg,Type3,128.6482487085,36.5893419582,6,20241206150451,,안동학가산온천,1,47,170,EX050100,KOR,2738052
경기도 안성시 죽산면 죽양대로 136-16,,17518,127380,12,20031020090000,http://tong.visitkorea.or.kr/cms/resource/54/757254_image2_1.jpg,http://tong.visitkorea.or.kr/cms/resource/54/757254_image3_1.jpg,Type3,127.4368900462,37.0931117784,6,20250609150807,,안성 건강나라,0,41,550,EX050200,KOR,127380
충청북도 충주시 앙성면 가곡로,,27302,128006,12,20031209090000,http://tong.visitkorea.or.kr/cms/resource/37/3061937_image2_1.jpg,http://tong.visitkorea.or.kr/cms/resource/37/3061937_image3_1.jpg,Type3,127.7970214496,37.0937849348,6,20250404160640,,앙성온천지구,1,43,130,EX050100,KOR,128006
충청북도 충주시 앙성면 가곡로 1457,,27302,128020,12,20031215090000,http://tong.visitkorea.or.kr/cms/resource/10/3061810_image2_1.jpg,http://tong.visitkorea.or.kr/cms/resource/10/3061810_image3_1.jpg,Type3,127.7970992194,37.0938432626,6,20250416110826,,앙성탄산온천,1,43,130,EX050100,KOR,128020
제주특별자치도 제주시 애월읍 신엄로 51,3층 301호,63047,3391552,12,20241018124523,http://tong.visitkorea.or.kr/cms/resource/46/3391546_image2_1.jpg,http://tong.visitkorea.or.kr/cms/resource/46/3391546_image3_1.jpg,Type3,126.3641931094,33.4751722096,6,20250320094525,,애월명가,1,50,110,EX050500,KOR,3391552
제주특별자치도 제주시 애월읍 애월해안로 454-5,,63047,3037525,12,20231113114932,http://tong.visitkorea.or.kr/cms/resource/05/3037505_image2_1.jpg,http://tong.visitkorea.or.kr/cms/resource/05/3037505_image3_1.jpg,Type3,126.3542244997,33.4765996715,6,20250414172534,,애월테라피 아로마마사지,1,50,110,EX050100,KOR,3037525
인천광역시 강화군 양도면 중앙로787번길 56-53,,23055,3526115,12,20250825132406,,,,126.4380224160,37.6930799169,6,20250827114457,,약석원,1,28,710,EX050300,KOR,3526115
경기도 용인시 처인구 양지면 중부대로 2325,,17162,2732168,12,20210809201746,http://tong.visitkorea.or.kr/cms/resource/03/2797403_image2_1.jpg,http://tong.visitkorea.or.kr/cms/resource/03/2797403_image2_1.jpg,Type3,127.2975875107,37.2354400406,6,20250113103025,,양지유황천,1,41,461,EX050100,KOR,2732168
부산광역시 기장군 일광읍 학리등대로 34,,46045,3526092,12,20250825113314,,,,129.2430729486,35.2589230413,6,20250827120733,,에스엠비 웰니스 센터,1,26,710,EX050500,KOR,3526092
대구광역시 수성구 달구벌대로528길 15 (만촌동),강산관 2층 201호,42078,3060891,12,20231130104157,http://tong.visitkorea.or.kr/cms/resource/88/3053288_image2_1.JPG,http://tong.visitkorea.or.kr/cms/resource/88/3053288_image3_1.JPG,Type3,128.6496249774,35.8553420888,6,20250331163004,"본사 053-742-3303, 뷰라운지 053-752-5235",에스투뷰텍 뷰라운지,1,27,260,EX050500,KOR,3060891
대구광역시 달서구 조암로 38,,42753,2718732,12,20210528005251,http://tong.visitkorea.or.kr/cms/resource/22/3373622_image2_1.jpg,http://tong.visitkorea.or.kr/cms/resource/22/3373622_image3_1.jpg,Type3,128.5256756252,35.8250210143,6,20250319191447,,엘리바덴 월성점,1,27,290,EX050200,KOR,2718732
경기도 여주시 강문로 864 여주온천,,12616,1179738,12,20110121203711,http://tong.visitkorea.or.kr/cms/resource/80/1591380_image2_1.jpg,http://tong.visitkorea.or.kr/cms/resource/80/1591380_image3_1.jpg,Type3,127.7288280586,37.2712048772,6,20240822144111,,여주온천,1,41,670,EX050100,KOR,1179738
경기도 여주시 강천면 걸촌동길 40,,12616,128699,12,20051201090000,http://tong.visitkorea.or.kr/cms/resource/32/3383432_image2_1.jpg,http://tong.visitkorea.or.kr/cms/resource/32/3383432_image3_1.jpg,Type3,127.6992218945,37.2887356407,6,20250320112000,,여주참숯마을,1,41,670,EX050200,KOR,128699
경상북도 포항시 북구 송라면 보경로 516,,37509,127914,12,20030925090000,http://tong.visitkorea.or.kr/cms/resource/50/3037750_image2_1.jpg,http://tong.visitkorea.or.kr/cms/resource/50/3037750_image3_1.jpg,Type3,129.3195908237,36.2509848675,6,20250819133824,,연산온천파크,1,47,113,EX050100,KOR,127914
경상북도 포항시 남구 대송면 운제로386번길 21,,37858,126648,12,20031104090000,http://tong.visitkorea.or.kr/cms/resource/65/3042865_image2_1.jpg,http://tong.visitkorea.or.kr/cms/resource/65/3042865_image3_1.jpg,Type3,129.3614568976,35.9529194075,6,20241010185211,,영일만온천,1,47,111,EX050100,KOR,126648
경상북도 영주시 대학로240번길 6 (가흥동),,36136,3030663,12,20231102160915,http://tong.visitkorea.or.kr/cms/resource/25/3412625_image2_1.jpg,http://tong.visitkorea.or.kr/cms/resource/25/3412625_image3_1.jpg,Type3,128.6052903736,36.8167234810,6,20250811101547,,영주온천랜드,1,47,210,EX050100,KOR,3030663
경상북도 예천군 감천면 온천길 27,(감천면),36811,127178,12,20031111090000,http://tong.visitkorea.or.kr/cms/resource/32/3036132_image2_1.jpg,http://tong.visitkorea.or.kr/cms/resource/32/3036132_image3_1.jpg,Type3,128.4990886733,36.7230460966,6,20250805113925,,예천온천,1,47,900,EX050100,KOR,127178
경상남도 합천군 봉산면 오도산휴양로 208,,50210,2660964,12,20200624233052,,,,128.0546635114,35.6530763624,6,20250703143433,,오도산치유의숲,0,48,890,EX050600,KOR,2660964
경상남도 고성군 상리면 신촌리,산 31,52950,2028987,12,20150914224732,http://tong.visitkorea.or.kr/cms/resource/93/3498993_image2_1.jpg,http://tong.visitkorea.or.kr/cms/resource/93/3498993_image3_1.jpg,Type3,128.1820997668,35.0178835345,6,20250618135613,,오두산 치유숲,1,48,820,EX050600,KOR,2028987
제주특별자치도 서귀포시 태평로 152 (호근동),,63571,3343597,12,20240806135558,http://tong.visitkorea.or.kr/cms/resource/16/3343516_image2_1.jpg,http://tong.visitkorea.or.kr/cms/resource/16/3343516_image3_1.jpg,Type3,126.5382665380,33.2433228122,6,20250512164912,,오레브핫스프링앤스파,1,50,130,EX050500,KOR,3343597
강원특별자치도 양양군 서면 대청봉길 34,,25033,127952,12,20031104090000,http://tong.visitkorea.or.kr/cms/resource/07/3495307_image2_1.jpg,http://tong.visitkorea.or.kr/cms/resource/07/3495307_image3_1.jpg,Type3,128.4480249095,38.0807745926,6,20250604141018,,오색탄산온천,1,51,830,EX050100,KOR,127952
서울특별시 중구 명동10길 41,5층,04537,2518733,12,20171201225938,http://tong.visitkorea.or.kr/cms/resource/27/2826027_image2_1.jpg,http://tong.visitkorea.or.kr/cms/resource/27/2826027_image3_1.jpg,Type3,126.9858871398,37.5621104492,6,20250519093529,,오휘&후스파 명동,1,11,140,EX050500,KOR,2518733
경상남도 하동군 옥종면 세종태실로 573,,52315,2784267,12,20211201024648,,,,127.8921715149,35.1574488364,6,20250318202719,,옥종불소유황천,1,48,850,EX050100,KOR,2784267
충청남도 아산시 삼동로28번길 46 (모종동),,31526,3046172,12,20231122121116,http://tong.visitkorea.or.kr/cms/resource/66/3046166_image2_1.jpg,http://tong.visitkorea.or.kr/cms/resource/66/3046166_image3_1.jpg,Type3,127.0157839155,36.7810957726,6,20250507173647,,온양 온천 랜드,1,44,200,EX050100,KOR,3046172
충청남도 아산시 온천대로 1459,,31507,2037031,12,20151030015106,http://tong.visitkorea.or.kr/cms/resource/18/2037318_image2_1.jpg,http://tong.visitkorea.or.kr/cms/resource/18/2037318_image2_1.jpg,Type3,126.9989798179,36.7832035657,6,20250311130733,,온양관광호텔 온천탕,1,44,200,EX050100,KOR,2037031
충청남도 아산시 온천동,,31507,125856,12,20030207090000,,,,126.9995242099,36.7833257842,6,20250318195227,,온양온천지구,1,44,200,EX050100,KOR,125856
서울특별시 종로구 통일로16길 4-1 (무악동),,03030,2589659,12,20190130232125,http://tong.visitkorea.or.kr/cms/resource/98/3521798_image2_1.jpg,http://tong.visitkorea.or.kr/cms/resource/98/3521798_image3_1.jpg,Type3,126.9576059961,37.5758166818,6,20250818131312,,올리바인 스파,1,11,110,EX050500,KOR,2589659
전라남도 완도군 신지면 해양치유길 100,,59146,3081515,12,20240115162014,http://tong.visitkorea.or.kr/cms/resource/08/3081508_image2_1.JPG,http://tong.visitkorea.or.kr/cms/resource/08/3081508_image3_1.JPG,Type3,126.8184392039,34.3279902170,6,20250514102809,061-550-7675~6,완도해양치유센터,1,46,890,EX050600,KOR,3081515
제주특별자치도 제주시 서해안로 630,,63150,250412,12,20071026090000,http://tong.visitkorea.or.kr/cms/resource/49/3055849_image2_1.jpg,http://tong.visitkorea.or.kr/cms/resource/49/3055849_image3_1.jpg,Type3,126.5045688690,33.5158588206,6,20250417171800,,용두암해수랜드,1,50,110,EX050200,KOR,250412
"서울특별시 광진구 자양로5길 33 (자양동, 와이엠프라젠스파)",지하 2층,05102,2756589,12,20211013230520,,,,127.0841596279,37.5309880533,6,20250331134545,,우리유황온천,1,11,215,EX050100,KOR,2756589
경기도 고양시 일산서구 한류월드로 300 고양 원마운트,,10392,1845544,12,20130917002220,http://tong.visitkorea.or.kr/cms/resource/78/3491778_image2_1.jpg,http://tong.visitkorea.or.kr/cms/resource/78/3491778_image3_1.jpg,Type3,126.7545414686,37.6646082788,6,20250519171928,,원마운트 워터파크,1,41,287,EX050100,KOR,1845544
강원특별자치도 춘천시 신북읍 장본길 35,,24203,2774546,12,20211116003823,http://tong.visitkorea.or.kr/cms/resource/82/2776982_image2_1.jpeg,http://tong.visitkorea.or.kr/cms/resource/82/2776982_image2_1.jpeg,Type3,127.7540086643,37.9498322024,6,20250109111634,,월드온천24,1,51,110,EX050100,KOR,2774546
경기도 화성시 팔탄면 버들로1597번길 5,,18577,631411,12,20081002224837,,,,126.8766484590,37.1146687095,6,20250626171505,,월문온천 휴양지,1,41,590,EX050100,KOR,631411
대전광역시 유성구 봉명동,,34187,2605899,12,20190611231420,http://tong.visitkorea.or.kr/cms/resource/22/3350822_image2_1.jpg,http://tong.visitkorea.or.kr/cms/resource/22/3350822_image3_1.jpg,Type3,127.3454325546,36.3550449502,6,20250318214759,,유성 족욕체험장,1,30,200,EX050100,KOR,2605899
대전광역시 유성구 봉명동 574,일대,34186,125858,12,20031205090000,http://tong.visitkorea.or.kr/cms/resource/42/3035142_image2_1.JPG,http://tong.visitkorea.or.kr/cms/resource/42/3035142_image3_1.JPG,Type3,127.3448131576,36.3553449050,6,20250512174447,,유성온천지구,1,30,200,EX050100,KOR,125858
경기도 화성시 팔탄면 온천로 434-14,,18530,128003,12,20031208090000,,,,126.8820719320,37.1521866872,6,20250320174458,,율암온천숯가마 테마파크,1,41,590,EX050100,KOR,128003
전라남도 보성군 회천면 우암길 21,,59471,2604923,12,20190603233215,,,,127.0866350548,34.6740309373,6,20250319192454,,율포해수녹차센터,1,46,780,EX050100,KOR,2604923
경상북도 의성군 봉양면 도리원2길 88-42,,37361,126728,12,20040219090000,http://tong.visitkorea.or.kr/cms/resource/50/2541550_image2_1.jpg,http://tong.visitkorea.or.kr/cms/resource/50/2541550_image2_1.jpg,Type3,128.5892621232,36.3039678320,6,20250317135835,,의성 탑산약수온천,1,47,730,EX050100,KOR,126728
경기도 이천시 애련정로 67-16 (안흥동),,17372,2764342,12,20211028183841,http://tong.visitkorea.or.kr/cms/resource/73/3058273_image2_1.jpg,http://tong.visitkorea.or.kr/cms/resource/73/3058273_image3_1.jpg,Type3,127.4514918514,37.2768880365,6,20250707171749,,이천설봉온천랜드,1,41,500,EX050100,KOR,2764342
전북특별자치도 익산시 석암로 207-1,(석암동),54589,2754739,12,20211007235419,,,,127.0140704278,35.9400837587,6,20250121142855,,익산온천랜드,1,52,140,EX050100,KOR,2754739
경상남도 김해시 대청로104번길 84 (삼문동),,51002,3083295,12,20231127142120,http://tong.visitkorea.or.kr/cms/resource/87/3083287_image2_1.jpg,http://tong.visitkorea.or.kr/cms/resource/87/3083287_image3_1.jpg,Type3,128.8072795211,35.1878924021,6,20250806143847,,장유스파랜드,1,48,250,EX050100,KOR,3083295
경기도 양주시 권율로 400,,11519,2949823,12,20230217160134,,,,126.9597676597,37.7448914924,6,20250107163627,,장흥 참숯가마,1,41,630,EX050200,KOR,2949823
전라남도 장흥군 안양면 로하스로 121,,59338,3526255,12,20250825134800,,,,126.9581462151,34.6790671043,6,20250827113922,,전라남도 마음건강치유센터,1,46,800,EX050600,KOR,3526255
부산광역시 기장군 정관읍 정관8로 16-5,,46015,3083341,12,20230926101048,http://tong.visitkorea.or.kr/cms/resource/34/3083334_image2_1.jpg,http://tong.visitkorea.or.kr/cms/resource/34/3083334_image3_1.jpg,Type3,129.1779018572,35.3225869121,6,20250520160951,,정관온천,1,26,710,EX050100,KOR,3083341
제주특별자치도 제주시 조천읍 대흘북길 72-5,,63343,3022258,12,20231023133458,http://tong.visitkorea.or.kr/cms/resource/49/3510949_image2_1.jpg,http://tong.visitkorea.or.kr/cms/resource/49/3510949_image3_1.jpg,Type1,126.6664606497,33.5030072753,6,20250722141406,,제원하늘농원,1,50,110,EX050600,KOR,3022258
경기도 포천시 일동면 화동로 1210,,11117,126573,12,20031128090000,http://tong.visitkorea.or.kr/cms/resource/26/3024326_image2_1.jpg,http://tong.visitkorea.or.kr/cms/resource/26/3024326_image3_1.jpg,Type3,127.3286691714,37.9676472415,6,20250805103758,,제일유황온천,1,41,650,EX050100,KOR,126573
제주특별자치도 서귀포시 안덕면 사계북로41번길 192,,63528,128555,12,20050629090000,,,,126.2988482889,33.2489628616,6,20241218195646,,제주 산방산탄산온천,1,50,130,EX050100,KOR,128555
부산광역시 부산진구 자유평화로37번길 15-19,(범천동),47366,662756,12,20081206003912,http://tong.visitkorea.or.kr/cms/resource/29/3496929_image2_1.jpg,http://tong.visitkorea.or.kr/cms/resource/29/3496929_image3_1.jpg,Type1,129.0625724285,35.1418522515,6,20250617172356,,조방해수탕,1,26,230,EX050100,KOR,662756
"부산광역시 수영구 광안로7번길 17 (광안동, 세종 엠스테이3차)",제1층 107호,48297,3511057,12,20250722152732,,,,129.1138175312,35.1579180661,6,20250901143023,,주식회사뷰티홀릭,1,26,500,EX050600,KOR,3511057
부산광역시 남구 용호로 64,,48523,662862,12,20081206011427,http://tong.visitkorea.or.kr/cms/resource/98/3476698_image2_1.jpg,http://tong.visitkorea.or.kr/cms/resource/98/3476698_image3_1.jpg,Type3,129.1106575793,35.1256271780,6,20250421113754,,중앙해수랜드,1,26,290,EX050200,KOR,662862
경상남도 산청군 단성면 지리산대로 2741-24,,52244,322850,12,20071211221701,http://tong.visitkorea.or.kr/cms/resource/56/3476256_image2_1.jpg,http://tong.visitkorea.or.kr/cms/resource/56/3476256_image3_1.jpg,Type3,127.9213881716,35.2718975782,6,20250804130600,,지리산참숯굴찜질방,1,48,860,EX050200,KOR,322850
전북특별자치도 진안군 진안읍 외사양길 16-10,,55438,2656454,12,20200516005234,http://tong.visitkorea.or.kr/cms/resource/38/3022138_image2_1.jpg,http://tong.visitkorea.or.kr/cms/resource/38/3022138_image3_1.jpg,Type3,127.4175082781,35.7761983226,6,20250513160305,1588-7597 / 063-433-0396,진안 홍삼스파,1,52,720,EX050500,KOR,2656454
강원특별자치도 원주시 원문로 865-5,2층,26356,2949793,12,20230217141141,,,,127.8863978730,37.3427828517,6,20240605102917,,찜질하우스,1,51,130,EX050200,KOR,2949793
경상남도 창원시 진해구 장복산길 47,,51578,2638518,12,20191125200733,http://tong.visitkorea.or.kr/cms/resource/78/2639278_image2_1.jpg,http://tong.visitkorea.or.kr/cms/resource/78/2639278_image3_1.jpg,Type3,128.6587456835,35.1721886774,6,20250110140414,,창원 편백 치유의 숲,1,48,129,EX050600,KOR,2638518
강원특별자치도 속초시 관광로 327 (노학동),,24867,128123,12,20040423090000,,,,128.5406492159,38.1901636576,6,20240805000001,,척산온천지구,1,51,210,EX050100,KOR,128123
경상남도 창원시 의창구 북면 천주로 1171,,51101,2755780,12,20211013003858,,,,128.6099811199,35.3546895111,6,20241218162924,,천마산온천호텔 / 천마온천,1,48,121,EX050100,KOR,2755780
충청남도 천안시 동남구 수신면 수신로 576,,31251,128624,12,20051013090000,,,,127.2890937464,36.7405136249,6,20241004143900,,천안상록리조트 아쿠아피아,1,44,131,EX050100,KOR,128624
경상북도 청도군 화양읍 온천길 23,,38324,126541,12,20031105090000,http://tong.visitkorea.or.kr/cms/resource/20/3065220_image2_1.jpg,http://tong.visitkorea.or.kr/cms/resource/20/3065220_image3_1.jpg,Type3,128.7190429494,35.6887316469,6,20240514165827,,청도 용암온천,1,47,820,EX050100,KOR,126541
경기도 파주시 문산읍 문산역로 107,,10824,752262,12,20090612023256,http://tong.visitkorea.or.kr/cms/resource/40/757940_image2_1.jpg,http://tong.visitkorea.or.kr/cms/resource/40/757940_image3_1.jpg,Type3,126.7866331167,37.8557365732,6,20240828093344,,청도훼미리랜드,1,41,480,EX050200,KOR,752262
인천광역시 서구 청라커낼로260번길 15 (청라동),,22762,2660736,12,20200623190613,,,,126.6463800612,37.5321356653,6,20250206133510,,청라 스파렉스,1,28,260,EX050100,KOR,2660736
경상북도 청송군 청송읍 중앙로 315,(청송읍),37427,129419,12,20070115090000,http://tong.visitkorea.or.kr/cms/resource/63/3407663_image2_1.jpg,http://tong.visitkorea.or.kr/cms/resource/63/3407663_image3_1.jpg,Type3,129.0628969618,36.4359700623,6,20241112102216,,청송솔기온천,1,47,750,EX050100,KOR,129419
충청북도 청주시 청원구 내수읍 신기초정로 699,,28148,3083730,12,20231123162619,http://tong.visitkorea.or.kr/cms/resource/26/3083726_image2_1.jpg,http://tong.visitkorea.or.kr/cms/resource/26/3083726_image3_1.jpg,Type3,127.5987081910,36.7191355285,6,20240118153631,,초정약수세종스파텔,1,43,110,EX050100,KOR,3083730
부산광역시 기장군 일광읍 화전리,9-6,46048,3015906,12,20230926145752,http://tong.visitkorea.or.kr/cms/resource/02/3015902_image2_1.JPG,http://tong.visitkorea.or.kr/cms/resource/02/3015902_image3_1.JPG,Type3,129.2343284163,35.2895388916,6,20241118141155,,카덴96,1,26,710,EX050100,KOR,3015906
강원특별자치도 춘천시 금촌로 84-56,,24399,2932103,12,20221209145210,,,,127.7875501974,37.8517581283,6,20240522161438,033-261-8870,클랑포레스트,1,51,110,EX050400,KOR,2932103
인천광역시 계양구 아나지로 306 (작전동),,21121,3522510,12,20250818164449,http://tong.visitkorea.or.kr/cms/resource/58/3522358_image2_1.jpg,http://tong.visitkorea.or.kr/cms/resource/58/3522358_image3_1.jpg,Type1,126.7258646617,37.5253878571,6,20250818164639,,키위스파랜드,1,28,245,EX050100,KOR,3522510
부산광역시 영도구 태종로 808,,49126,127752,12,20031210090000,,,,129.0787786847,35.0645889744,6,20241016172640,,태종대온천찜질방,1,26,200,EX050100,KOR,127752
전라남도 신안군 증도면 지도증도로 1083-4,,58808,2660744,12,20200623191548,,,,126.1753882189,34.9940242621,6,20250120093245,,태평염전 해양힐링스파,1,46,910,EX050100,KOR,2660744
광주광역시 서구 상무연하로 33,"1층,2층",61963,2660923,12,20200624225934,http://tong.visitkorea.or.kr/cms/resource/82/3424782_image2_1.jpg,http://tong.visitkorea.or.kr/cms/resource/82/3424782_image3_1.jpg,Type3,126.8499329542,35.1513010095,6,20250326111333,062-416-3000,테라피 스파 소베,1,29,140,EX050500,KOR,2660923
경기도 이천시 모가면 사실로 984,,17406,128870,12,20060327090000,,,,127.4466557305,37.1948835381,6,20250425133120,,테르메덴,1,41,500,EX050100,KOR,128870
경기도 양주시 백석읍 권율로847번길 7-11,,11518,2789664,12,20211209001628,http://tong.visitkorea.or.kr/cms/resource/61/2795361_image2_1.jpg,http://tong.visitkorea.or.kr/cms/resource/61/2795361_image2_1.jpg,Type3,126.9605584227,37.7740186695,6,20250319140525,,토담참숯가마,1,41,630,EX050200,KOR,2789664
충청남도 아산시 도고면 도고온천로 176,,31547,631934,12,20081006224344,http://tong.visitkorea.or.kr/cms/resource/38/2480338_image2_1.jpg,http://tong.visitkorea.or.kr/cms/resource/38/2480338_image3_1.jpg,Type3,126.8879486462,36.7655814199,6,20250313142304,,파라다이스 스파 도고,1,44,200,EX050500,KOR,631934
경기도 파주시 법원읍 가야리,,10827,3031866,12,20231106151025,,,,126.8567434884,37.8513077916,6,20241108145941,,파주가야랜드,1,41,480,EX050100,KOR,3031866
대구광역시 동구 서촌로 145 (송정동),,41000,3075750,12,20231130151229,,,,128.6205016479,35.9867849960,6,20240822110649,,팔공산심천랜드,1,27,140,EX050100,KOR,3075750
대구광역시 동구 팔공산로185길 11 (용수동),,41007,127987,12,20031124090000,,,,128.6917258077,35.9908747418,6,20250110165506,,팔공산온천관광호텔(온천),1,27,140,EX050100,KOR,127987
전라남도 고흥군 영남면 천사로 529-191,,59520,2760781,12,20211021225134,http://tong.visitkorea.or.kr/cms/resource/44/3532744_image2_1.jpg,http://tong.visitkorea.or.kr/cms/resource/44/3532744_image3_1.jpg,Type1,127.4099108546,34.6192314404,6,20250909173100,,팔영산 편백 치유의 숲,1,46,770,EX050600,KOR,2760781
충청북도 제천시 백운면 금봉로 365,,27105,2769846,12,20211108223924,http://tong.visitkorea.or.kr/cms/resource/25/2769525_image2_1.jpg,http://tong.visitkorea.or.kr/cms/resource/25/2769525_image2_1.jpg,Type3,128.0461582662,37.1588459307,6,20250307174601,,포레스트 리솜 해브나인 스파 (해브나인 힐링스파),1,43,150,EX050500,KOR,2769846
강원특별자치도 인제군 인제읍 필례약수길 72,,24643,2774534,12,20211116003026,http://tong.visitkorea.or.kr/cms/resource/00/3502600_image2_1.jpg,http://tong.visitkorea.or.kr/cms/resource/00/3502600_image3_1.jpg,Type3,128.3698182524,38.0765541332,6,20250722102211,,필례 게르마늄 온천,1,51,810,EX050100,KOR,2774534
경상남도 거창군 북상면 송계로 793,,50102,2931955,12,20221208150556,http://tong.visitkorea.or.kr/cms/resource/51/2931951_image2_1.JPG,http://tong.visitkorea.or.kr/cms/resource/51/2931951_image3_1.JPG,Type3,127.8148145204,35.7839155830,6,20250714162249,070-8856-3434,하늘호수,1,48,880,EX050600,KOR,2931955
서울특별시 서초구 성촌4길 11 (우면동),,06765,3525664,12,20250822150926,http://tong.visitkorea.or.kr/cms/resource/68/3525668_image2_1.jpg,http://tong.visitkorea.or.kr/cms/resource/68/3525668_image3_1.jpg,Type1,127.0218282205,37.4670804638,6,20250825112048,,하이디하우스,1,11,650,EX050100,KOR,3525664
강원특별자치도 정선군 사북읍 하이원길 265,,26154,2714875,12,20210429185947,,,,128.8216009997,37.2127210495,6,20241226175018,,하이원리조트 HAO 웰니스,1,51,770,EX050400,KOR,2714875
강원특별자치도 영월군 상동읍 섬지골길 113,,26248,3022275,12,20231023134400,http://tong.visitkorea.or.kr/cms/resource/69/3022269_image2_1.jpg,http://tong.visitkorea.or.kr/cms/resource/69/3022269_image3_1.jpg,Type3,128.7431188190,37.1302901302,6,20250113183124,033-370-7777,하이힐링원,1,51,750,EX050400,KOR,3022275
경기도 화성시 팔탄면 시청로 888,,18529,613310,12,20080821235548,,,,126.8885014518,37.1685599066,6,20241118135329,,하피랜드,1,41,590,EX050100,KOR,613310
서울특별시 송파구 석촌호수로12길 60 (잠실동),2층,05562,2589657,12,20190130231350,http://tong.visitkorea.or.kr/cms/resource/33/3393333_image2_1.JPG,http://tong.visitkorea.or.kr/cms/resource/33/3393333_image3_1.JPG,Type3,127.0799300989,37.5083878233,6,20250916143042,,한방스파 여용국,1,11,710,EX050300,KOR,2589657
울산광역시 울주군 두동면 계명로 44-34,,44914,127886,12,20031209090000,http://tong.visitkorea.or.kr/cms/resource/42/3043042_image2_1.jpg,http://tong.visitkorea.or.kr/cms/resource/42/3043042_image3_1.jpg,Type3,129.1996780011,35.7099187672,6,20250703172432,,한방테마파크 초락당,1,31,710,EX050300,KOR,127886
울산광역시 울주군 두동면 봉계리,531-5번지,"689-843,1",523983,12,20080321194624,,,,129.1998196583,35.7098187809,6,20240424144232,,한방테마파크 초락당 (艸樂堂),1,31,710,EX050300,KOR,523983
경기도 포천시 영북면 산정호수로 402,,11103,126955,12,20031021090000,http://tong.visitkorea.or.kr/cms/resource/05/3027705_image2_1.jpg,http://tong.visitkorea.or.kr/cms/resource/05/3027705_image3_1.jpg,Type3,127.3143509302,38.0657994142,6,20250805102328,,한화리조트 산정호수 안시 온천사우나,0,41,650,EX050100,KOR,126955
부산광역시 해운대구 중동2로10번길 7 (중동),,48096,3083459,12,20231030121140,http://tong.visitkorea.or.kr/cms/resource/48/3083448_image2_1.jpg,http://tong.visitkorea.or.kr/cms/resource/48/3083448_image3_1.jpg,Type3,129.1649018354,35.1630962099,6,20250512163606,,할매탕,1,26,350,EX050100,KOR,3083459
전라남도 함평군 손불면 석산로 69,,57112,126829,12,20031021090000,http://tong.visitkorea.or.kr/cms/resource/77/2485577_image2_1.jpg,http://tong.visitkorea.or.kr/cms/resource/77/2485577_image3_1.jpg,Type3,126.4646599828,35.1006891809,6,20250915144744,,함평해수찜,1,46,860,EX050200,KOR,126829
인천광역시 서구 봉수대로 257,(가좌동),22844,701642,12,20090227222028,,,,126.6606685752,37.4987481337,6,20250724162112,,해수워터피아,1,28,260,EX050200,KOR,701642
부산광역시 해운대구 중동2로 16,(중동),48096,126108,12,20031022090000,http://tong.visitkorea.or.kr/cms/resource/17/3026517_image2_1.JPG,http://tong.visitkorea.or.kr/cms/resource/17/3026517_image3_1.JPG,Type3,129.1645768542,35.1634406103,6,20250415095848,,해운대온천센터,1,26,350,EX050100,KOR,126108
부산광역시 동래구 금강공원로20번길 23,,47709,127419,12,20030724090000,http://tong.visitkorea.or.kr/cms/resource/99/3329899_image2_1.jpg,http://tong.visitkorea.or.kr/cms/resource/99/3329899_image3_1.jpg,Type3,129.0826823935,35.2211354084,6,20250321112000,,허심청,1,26,260,EX050100,KOR,127419
경상북도 포항시 남구 호미곶면 호미곶길 163,,37928,127132,12,20031020090000,http://tong.visitkorea.or.kr/cms/resource/11/3411011_image2_1.jpg,http://tong.visitkorea.or.kr/cms/resource/11/3411011_image3_1.jpg,Type3,129.5642493602,36.0787257366,6,20241114151741,,호미곶 해수탕,1,47,111,EX050100,KOR,127132
경상북도 포항시 남구 구룡포읍 동해안로 4923,,37937,3029946,12,20231102100506,,,,129.5196616329,35.9821913445,6,20240531104811,,호미곶온천랜드,1,47,111,EX050100,KOR,3029946
경기도 화성시 장안면 황골길 56-1,,18581,619672,12,20080904200220,http://tong.visitkorea.or.kr/cms/resource/70/3393270_image2_1.JPG,http://tong.visitkorea.or.kr/cms/resource/70/3393270_image3_1.JPG,Type3,126.8669054782,37.0935959740,6,20250626171319,,화성식염온천,1,41,590,EX050100,KOR,619672
서울특별시 용산구 후암로35길 39,,04332,2932122,12,20221209150822,,,,126.9761522655,37.5497617088,6,20240617130329,,후암별채,1,11,170,EX050400,KOR,2932122
강원특별자치도 평창군 봉평면 태기로 306-7,,25309,2994739,12,20230720102412,http://tong.visitkorea.or.kr/cms/resource/30/2994730_image2_1.jpg,http://tong.visitkorea.or.kr/cms/resource/30/2994730_image3_1.jpg,Type3,128.3380807715,37.5760643598,6,20250107164708,,휘닉스찜질방 힐링센터,1,51,760,EX050200,KOR,2994739
경상북도 칠곡군 동명면 기성5길 11-10,,39855,2738054,12,20210831230247,http://tong.visitkorea.or.kr/cms/resource/52/2738552_image2_1.JPG,http://tong.visitkorea.or.kr/cms/resource/52/2738552_image2_1.JPG,Type3,128.5966339119,36.0009579475,6,20241106105020,,휴온천,1,47,850,EX050100,KOR,2738054
경기도 화성시 팔탄면 온천로 428-12,,18530,2751603,12,20210930015319,http://tong.visitkorea.or.kr/cms/resource/96/2751796_image2_1.jpg,http://tong.visitkorea.or.kr/cms/resource/96/2751796_image3_1.jpg,Type3,126.8814442063,37.1523644341,6,20250321172642,,힐사이드온천텔,1,41,590,EX050100,KOR,2751603
충청남도 보령시 대해로 876,(신흑동),33488,129698,12,20070831090000,,,,126.5175803044,36.3074221101,6,20241129184128,,JFK 대천 워터파크,1,44,180,EX050100,KOR,129698
충청북도 충주시 수안보면 물탕2길 9,,27497,2769761,12,20211108215752,http://tong.visitkorea.or.kr/cms/resource/66/2771066_image2_1.jpg,http://tong.visitkorea.or.kr/cms/resource/66/2771066_image2_1.jpg,Type3,127.9901111697,36.8465308184,6,20250324165503,,RI온천(RI온천호텔),1,43,130,EX050100,KOR,2769761
서울특별시 강남구 영동대로 416 (대치동),B2층,06176,2660731,12,20200623185036,http://tong.visitkorea.or.kr/cms/resource/20/3508020_image2_1.jpg,http://tong.visitkorea.or.kr/cms/resource/20/3508020_image3_1.jpg,Type1,127.0653425868,37.5066377643,6,20250902145523,02-557-8030,SPA 1899,1,11,680,EX050500,KOR,2660731